標題,作者,日期
[買賣] YAMAHA FG750S面單木吉他,lllove0221,4/14
[買賣] 賣美廠Fender Stratocaster,audition,4/14
[買賣] 賣1989年Gibson ES-335 dot,audition,4/14
[買賣] 賣Trumon木吉他雙系統拾音器,bighead7987,4/14
[買賣]  JAGUAR電吉他 近全新,balancez,4/14
[問題] 鎖定弦鈕的幾個問題,unbroken3310,4/14
[問題] wraparound琴橋翹起,sjclivelo,4/15
[交換]木吉他換電吉他,oo855050,4/15
[分享] Dust in the wind 指彈分享,BARRY770319,4/16
[問題] 請問black limba對應音色圖是在哪個位置?,daniem1314,4/16
[分享] 山下達郎 Someday - jam,haruhata,4/17
[公告] 吉他板規,hanhsiangmax,9/09
[分享] 為什麼吉他變得越來越難按,guitaristlou,8/25
[分享] 如何使用app訓練相對音感,guitaristlou,10/05
[活動] 捐愛心抽效果器活動,akabane1108,4/07
